filename,label,generator,source_id,row_idx,attack_type,generative_model,source_dataset,orig_filename,split,path
train_008737_REAL.wav,0,REAL,8737,43685,real,real,TUTASC2019Dev,bus-milan-1083-42951-a_1.wav,train,data/processed/train/train_008737_REAL.wav
train_008737_G03.wav,1,G03,8737,43686,tta,audiogen,TUTASC2019Dev,bus-milan-1083-42951-a_1.wav,train,data/processed/train/train_008737_G03.wav
train_008737_G01.wav,1,G01,8737,43687,tta,audioldm1,TUTASC2019Dev,bus-milan-1083-42951-a_1.wav,train,data/processed/train/train_008737_G01.wav
train_008737_G02.wav,1,G02,8737,43688,tta,audioldm2,TUTASC2019Dev,bus-milan-1083-42951-a_1.wav,train,data/processed/train/train_008737_G02.wav
train_008737_G04.wav,1,G04,8737,43689,ata,audioldm1,TUTASC2019Dev,bus-milan-1083-42951-a_1.wav,train,data/processed/train/train_008737_G04.wav
train_008738_REAL.wav,0,REAL,8738,43690,real,real,TUTASC2019Dev,bus-milan-1083-43954-a_0.wav,train,data/processed/train/train_008738_REAL.wav
train_008738_G03.wav,1,G03,8738,43691,tta,audiogen,TUTASC2019Dev,bus-milan-1083-43954-a_0.wav,train,data/processed/train/train_008738_G03.wav
train_008738_G01.wav,1,G01,8738,43692,tta,audioldm1,TUTASC2019Dev,bus-milan-1083-43954-a_0.wav,train,data/processed/train/train_008738_G01.wav
train_008738_G02.wav,1,G02,8738,43693,tta,audioldm2,TUTASC2019Dev,bus-milan-1083-43954-a_0.wav,train,data/processed/train/train_008738_G02.wav
train_008738_G04.wav,1,G04,8738,43694,ata,audioldm1,TUTASC2019Dev,bus-milan-1083-43954-a_0.wav,train,data/processed/train/train_008738_G04.wav
train_008739_REAL.wav,0,REAL,8739,43695,real,real,TUTASC2019Dev,bus-milan-1083-43956-a_0.wav,train,data/processed/train/train_008739_REAL.wav
train_008739_G03.wav,1,G03,8739,43696,tta,audiogen,TUTASC2019Dev,bus-milan-1083-43956-a_0.wav,train,data/processed/train/train_008739_G03.wav
train_008739_G01.wav,1,G01,8739,43697,tta,audioldm1,TUTASC2019Dev,bus-milan-1083-43956-a_0.wav,train,data/processed/train/train_008739_G01.wav
train_008739_G02.wav,1,G02,8739,43698,tta,audioldm2,TUTASC2019Dev,bus-milan-1083-43956-a_0.wav,train,data/processed/train/train_008739_G02.wav
train_008739_G04.wav,1,G04,8739,43699,ata,audioldm1,TUTASC2019Dev,bus-milan-1083-43956-a_0.wav,train,data/processed/train/train_008739_G04.wav
train_008740_REAL.wav,0,REAL,8740,43700,real,real,TUTASC2019Dev,bus-milan-1115-40220-a_1.wav,train,data/processed/train/train_008740_REAL.wav
train_008740_G03.wav,1,G03,8740,43701,tta,audiogen,TUTASC2019Dev,bus-milan-1115-40220-a_1.wav,train,data/processed/train/train_008740_G03.wav
train_008740_G01.wav,1,G01,8740,43702,tta,audioldm1,TUTASC2019Dev,bus-milan-1115-40220-a_1.wav,train,data/processed/train/train_008740_G01.wav
train_008740_G02.wav,1,G02,8740,43703,tta,audioldm2,TUTASC2019Dev,bus-milan-1115-40220-a_1.wav,train,data/processed/train/train_008740_G02.wav
train_008740_G04.wav,1,G04,8740,43704,ata,audioldm1,TUTASC2019Dev,bus-milan-1115-40220-a_1.wav,train,data/processed/train/train_008740_G04.wav
train_015264_REAL.wav,0,REAL,15264,76320,real,real,TUTASC2019Dev,park-stockholm-101-2877-a_0.wav,train,data/processed/train/train_015264_REAL.wav
train_015264_G03.wav,1,G03,15264,76321,tta,audiogen,TUTASC2019Dev,park-stockholm-101-2877-a_0.wav,train,data/processed/train/train_015264_G03.wav
train_015264_G01.wav,1,G01,15264,76322,tta,audioldm1,TUTASC2019Dev,park-stockholm-101-2877-a_0.wav,train,data/processed/train/train_015264_G01.wav
train_015264_G02.wav,1,G02,15264,76323,tta,audioldm2,TUTASC2019Dev,park-stockholm-101-2877-a_0.wav,train,data/processed/train/train_015264_G02.wav
train_015264_G04.wav,1,G04,15264,76324,ata,audioldm1,TUTASC2019Dev,park-stockholm-101-2877-a_0.wav,train,data/processed/train/train_015264_G04.wav
train_015265_REAL.wav,0,REAL,15265,76325,real,real,TUTASC2019Dev,park-stockholm-101-2878-a_1.wav,train,data/processed/train/train_015265_REAL.wav
train_015265_G03.wav,1,G03,15265,76326,tta,audiogen,TUTASC2019Dev,park-stockholm-101-2878-a_1.wav,train,data/processed/train/train_015265_G03.wav
train_015265_G01.wav,1,G01,15265,76327,tta,audioldm1,TUTASC2019Dev,park-stockholm-101-2878-a_1.wav,train,data/processed/train/train_015265_G01.wav
train_015265_G02.wav,1,G02,15265,76328,tta,audioldm2,TUTASC2019Dev,park-stockholm-101-2878-a_1.wav,train,data/processed/train/train_015265_G02.wav
train_015265_G04.wav,1,G04,15265,76329,ata,audioldm1,TUTASC2019Dev,park-stockholm-101-2878-a_1.wav,train,data/processed/train/train_015265_G04.wav
train_015266_REAL.wav,0,REAL,15266,76330,real,real,TUTASC2019Dev,park-stockholm-101-2879-a_0.wav,train,data/processed/train/train_015266_REAL.wav
train_015266_G03.wav,1,G03,15266,76331,tta,audiogen,TUTASC2019Dev,park-stockholm-101-2879-a_0.wav,train,data/processed/train/train_015266_G03.wav
train_015266_G01.wav,1,G01,15266,76332,tta,audioldm1,TUTASC2019Dev,park-stockholm-101-2879-a_0.wav,train,data/processed/train/train_015266_G01.wav
train_015266_G02.wav,1,G02,15266,76333,tta,audioldm2,TUTASC2019Dev,park-stockholm-101-2879-a_0.wav,train,data/processed/train/train_015266_G02.wav
train_015266_G04.wav,1,G04,15266,76334,ata,audioldm1,TUTASC2019Dev,park-stockholm-101-2879-a_0.wav,train,data/processed/train/train_015266_G04.wav
train_015267_REAL.wav,0,REAL,15267,76335,real,real,TUTASC2019Dev,park-stockholm-101-2879-a_1.wav,train,data/processed/train/train_015267_REAL.wav
train_015267_G03.wav,1,G03,15267,76336,tta,audiogen,TUTASC2019Dev,park-stockholm-101-2879-a_1.wav,train,data/processed/train/train_015267_G03.wav
train_015267_G01.wav,1,G01,15267,76337,tta,audioldm1,TUTASC2019Dev,park-stockholm-101-2879-a_1.wav,train,data/processed/train/train_015267_G01.wav
train_015267_G02.wav,1,G02,15267,76338,tta,audioldm2,TUTASC2019Dev,park-stockholm-101-2879-a_1.wav,train,data/processed/train/train_015267_G02.wav
train_015267_G04.wav,1,G04,15267,76339,ata,audioldm1,TUTASC2019Dev,park-stockholm-101-2879-a_1.wav,train,data/processed/train/train_015267_G04.wav
train_021254_REAL.wav,0,REAL,21254,106270,real,real,TUTASC2019Dev,street_pedestrian-prague-1203-44164-a_1.wav,train,data/processed/train/train_021254_REAL.wav
train_021254_G03.wav,1,G03,21254,106271,tta,audiogen,TUTASC2019Dev,street_pedestrian-prague-1203-44164-a_1.wav,train,data/processed/train/train_021254_G03.wav
train_021254_G01.wav,1,G01,21254,106272,tta,audioldm1,TUTASC2019Dev,street_pedestrian-prague-1203-44164-a_1.wav,train,data/processed/train/train_021254_G01.wav
train_021254_G02.wav,1,G02,21254,106273,tta,audioldm2,TUTASC2019Dev,street_pedestrian-prague-1203-44164-a_1.wav,train,data/processed/train/train_021254_G02.wav
train_021254_G04.wav,1,G04,21254,106274,ata,audioldm1,TUTASC2019Dev,street_pedestrian-prague-1203-44164-a_1.wav,train,data/processed/train/train_021254_G04.wav
train_021255_REAL.wav,0,REAL,21255,106275,real,real,TUTASC2019Dev,street_pedestrian-prague-1203-44208-a_0.wav,train,data/processed/train/train_021255_REAL.wav
train_021255_G03.wav,1,G03,21255,106276,tta,audiogen,TUTASC2019Dev,street_pedestrian-prague-1203-44208-a_0.wav,train,data/processed/train/train_021255_G03.wav
train_021255_G01.wav,1,G01,21255,106277,tta,audioldm1,TUTASC2019Dev,street_pedestrian-prague-1203-44208-a_0.wav,train,data/processed/train/train_021255_G01.wav
train_021255_G02.wav,1,G02,21255,106278,tta,audioldm2,TUTASC2019Dev,street_pedestrian-prague-1203-44208-a_0.wav,train,data/processed/train/train_021255_G02.wav
train_021255_G04.wav,1,G04,21255,106279,ata,audioldm1,TUTASC2019Dev,street_pedestrian-prague-1203-44208-a_0.wav,train,data/processed/train/train_021255_G04.wav
train_021256_REAL.wav,0,REAL,21256,106280,real,real,TUTASC2019Dev,street_pedestrian-prague-1203-44208-a_1.wav,train,data/processed/train/train_021256_REAL.wav
train_021256_G03.wav,1,G03,21256,106281,tta,audiogen,TUTASC2019Dev,street_pedestrian-prague-1203-44208-a_1.wav,train,data/processed/train/train_021256_G03.wav
train_021256_G01.wav,1,G01,21256,106282,tta,audioldm1,TUTASC2019Dev,street_pedestrian-prague-1203-44208-a_1.wav,train,data/processed/train/train_021256_G01.wav
train_021256_G02.wav,1,G02,21256,106283,tta,audioldm2,TUTASC2019Dev,street_pedestrian-prague-1203-44208-a_1.wav,train,data/processed/train/train_021256_G02.wav
train_021256_G04.wav,1,G04,21256,106284,ata,audioldm1,TUTASC2019Dev,street_pedestrian-prague-1203-44208-a_1.wav,train,data/processed/train/train_021256_G04.wav
train_021257_REAL.wav,0,REAL,21257,106285,real,real,TUTASC2019Dev,street_pedestrian-prague-1203-44222-a_0.wav,train,data/processed/train/train_021257_REAL.wav
train_021257_G03.wav,1,G03,21257,106286,tta,audiogen,TUTASC2019Dev,street_pedestrian-prague-1203-44222-a_0.wav,train,data/processed/train/train_021257_G03.wav
train_021257_G01.wav,1,G01,21257,106287,tta,audioldm1,TUTASC2019Dev,street_pedestrian-prague-1203-44222-a_0.wav,train,data/processed/train/train_021257_G01.wav
train_021257_G02.wav,1,G02,21257,106288,tta,audioldm2,TUTASC2019Dev,street_pedestrian-prague-1203-44222-a_0.wav,train,data/processed/train/train_021257_G02.wav
train_021257_G04.wav,1,G04,21257,106289,ata,audioldm1,TUTASC2019Dev,street_pedestrian-prague-1203-44222-a_0.wav,train,data/processed/train/train_021257_G04.wav
validation_002530_REAL.wav,0,REAL,2530,12650,real,real,TUTASC2019Dev,bus-paris-27-935-a_0.wav,validation,data/processed/validation/validation_002530_REAL.wav
validation_002530_G03.wav,1,G03,2530,12651,tta,audiogen,TUTASC2019Dev,bus-paris-27-935-a_0.wav,validation,data/processed/validation/validation_002530_G03.wav
validation_002530_G01.wav,1,G01,2530,12652,tta,audioldm1,TUTASC2019Dev,bus-paris-27-935-a_0.wav,validation,data/processed/validation/validation_002530_G01.wav
validation_002530_G02.wav,1,G02,2530,12653,tta,audioldm2,TUTASC2019Dev,bus-paris-27-935-a_0.wav,validation,data/processed/validation/validation_002530_G02.wav
validation_002530_G04.wav,1,G04,2530,12654,ata,audioldm1,TUTASC2019Dev,bus-paris-27-935-a_0.wav,validation,data/processed/validation/validation_002530_G04.wav
validation_002531_REAL.wav,0,REAL,2531,12655,real,real,TUTASC2019Dev,bus-paris-27-936-a_0.wav,validation,data/processed/validation/validation_002531_REAL.wav
validation_002531_G03.wav,1,G03,2531,12656,tta,audiogen,TUTASC2019Dev,bus-paris-27-936-a_0.wav,validation,data/processed/validation/validation_002531_G03.wav
validation_002531_G01.wav,1,G01,2531,12657,tta,audioldm1,TUTASC2019Dev,bus-paris-27-936-a_0.wav,validation,data/processed/validation/validation_002531_G01.wav
validation_002531_G02.wav,1,G02,2531,12658,tta,audioldm2,TUTASC2019Dev,bus-paris-27-936-a_0.wav,validation,data/processed/validation/validation_002531_G02.wav
validation_002531_G04.wav,1,G04,2531,12659,ata,audioldm1,TUTASC2019Dev,bus-paris-27-936-a_0.wav,validation,data/processed/validation/validation_002531_G04.wav
validation_002532_REAL.wav,0,REAL,2532,12660,real,real,TUTASC2019Dev,bus-paris-27-936-a_1.wav,validation,data/processed/validation/validation_002532_REAL.wav
validation_002532_G03.wav,1,G03,2532,12661,tta,audiogen,TUTASC2019Dev,bus-paris-27-936-a_1.wav,validation,data/processed/validation/validation_002532_G03.wav
validation_002532_G01.wav,1,G01,2532,12662,tta,audioldm1,TUTASC2019Dev,bus-paris-27-936-a_1.wav,validation,data/processed/validation/validation_002532_G01.wav
validation_002532_G02.wav,1,G02,2532,12663,tta,audioldm2,TUTASC2019Dev,bus-paris-27-936-a_1.wav,validation,data/processed/validation/validation_002532_G02.wav
validation_002532_G04.wav,1,G04,2532,12664,ata,audioldm1,TUTASC2019Dev,bus-paris-27-936-a_1.wav,validation,data/processed/validation/validation_002532_G04.wav
validation_002533_REAL.wav,0,REAL,2533,12665,real,real,TUTASC2019Dev,bus-paris-28-940-a_1.wav,validation,data/processed/validation/validation_002533_REAL.wav
test_002997_REAL.wav,0,REAL,2997,23976,real,real,TUTASC2019Dev,yFrqcDpXd3eWzIAVOx8v.wav,test,data/processed/test/test_002997_REAL.wav
test_002997_G04.wav,1,G04,2997,23977,ata,audioldm1,TUTASC2019Dev,ip9Xbayld0vrDTSNxfEq.wav,test,data/processed/test/test_002997_G04.wav
test_002997_G07.wav,1,G07,2997,23978,ata,audioldm2,TUTASC2019Dev,k0wpYK9nfXWVFd4CRZyM.wav,test,data/processed/test/test_002997_G07.wav
test_002997_G01.wav,1,G01,2997,23979,tta,audioldm1,TUTASC2019Dev,e1lUpYPVGxMN85BWTyLa.wav,test,data/processed/test/test_002997_G01.wav
test_002997_G02.wav,1,G02,2997,23980,tta,audioldm2,TUTASC2019Dev,Cr4oA2KDEX0RMiHzfUld.wav,test,data/processed/test/test_002997_G02.wav
test_002997_G03.wav,1,G03,2997,23981,tta,audiogen,TUTASC2019Dev,Tr5KJQg2yVLutzqljhm1.wav,test,data/processed/test/test_002997_G03.wav
test_002997_G05.wav,1,G05,2997,23982,tta,audiolcm,TUTASC2019Dev,VU7GX6hl3ANMcexHQ1yo.wav,test,data/processed/test/test_002997_G05.wav
test_002997_G06.wav,1,G06,2997,23983,tta,tangoflux,TUTASC2019Dev,TrtkdJuvPZwsg4CEpfVK.wav,test,data/processed/test/test_002997_G06.wav
test_002998_REAL.wav,0,REAL,2998,23984,real,real,TUTASC2019Dev,z5DZBJC2q4uHgpFWGM3y.wav,test,data/processed/test/test_002998_REAL.wav
test_002998_G04.wav,1,G04,2998,23985,ata,audioldm1,TUTASC2019Dev,q7YNTFaCKdkWj3wol1XE.wav,test,data/processed/test/test_002998_G04.wav
test_002998_G07.wav,1,G07,2998,23986,ata,audioldm2,TUTASC2019Dev,laNiEtqO68MF0JBvzwdr.wav,test,data/processed/test/test_002998_G07.wav
test_002998_G01.wav,1,G01,2998,23987,tta,audioldm1,TUTASC2019Dev,Z1nvUEM98wPk7BlmNyDx.wav,test,data/processed/test/test_002998_G01.wav
test_002998_G02.wav,1,G02,2998,23988,tta,audioldm2,TUTASC2019Dev,Jq5ClRZzAiGjtwKD2Xnf.wav,test,data/processed/test/test_002998_G02.wav
test_002998_G03.wav,1,G03,2998,23989,tta,audiogen,TUTASC2019Dev,RJqPvEjd2knVmtp9GDOr.wav,test,data/processed/test/test_002998_G03.wav
test_002998_G05.wav,1,G05,2998,23990,tta,audiolcm,TUTASC2019Dev,dZDAYVTpRLb9xaEFHmUr.wav,test,data/processed/test/test_002998_G05.wav
test_002998_G06.wav,1,G06,2998,23991,tta,tangoflux,TUTASC2019Dev,lw9giXocxp3ULEWu4zNe.wav,test,data/processed/test/test_002998_G06.wav
test_002999_REAL.wav,0,REAL,2999,23992,real,real,TUTASC2019Dev,FfC98zSHiG0cdkUWmKw6.wav,test,data/processed/test/test_002999_REAL.wav
test_002999_G04.wav,1,G04,2999,23993,ata,audioldm1,TUTASC2019Dev,6HGweJA9WFB0thOXCkoR.wav,test,data/processed/test/test_002999_G04.wav
test_002999_G07.wav,1,G07,2999,23994,ata,audioldm2,TUTASC2019Dev,GNjZAxW8DvXTbdei6QlC.wav,test,data/processed/test/test_002999_G07.wav
test_002999_G01.wav,1,G01,2999,23995,tta,audioldm1,TUTASC2019Dev,yjLi7zVGPXDoWROf9Ixh.wav,test,data/processed/test/test_002999_G01.wav
test_002999_G02.wav,1,G02,2999,23996,tta,audioldm2,TUTASC2019Dev,lD9QhxG2Wg4bfHFUPEde.wav,test,data/processed/test/test_002999_G02.wav
test_002999_G03.wav,1,G03,2999,23997,tta,audiogen,TUTASC2019Dev,1J2caXY8gmV9lCNiSqWA.wav,test,data/processed/test/test_002999_G03.wav
test_002999_G05.wav,1,G05,2999,23998,tta,audiolcm,TUTASC2019Dev,HPgyjrIpDhAB7l1ES8CJ.wav,test,data/processed/test/test_002999_G05.wav
test_002999_G06.wav,1,G06,2999,23999,tta,tangoflux,TUTASC2019Dev,AETpUL7ObhItzBgZC8sq.wav,test,data/processed/test/test_002999_G06.wav
test_003000_REAL.wav,0,REAL,3000,24000,real,real,TUTASC2019Dev,uKvy3rVQDiqPR79peSb0.wav,test,data/processed/test/test_003000_REAL.wav
test_003000_G04.wav,1,G04,3000,24001,ata,audioldm1,TUTASC2019Dev,DiUvTGduaNIMchW8xwFP.wav,test,data/processed/test/test_003000_G04.wav
test_003000_G07.wav,1,G07,3000,24002,ata,audioldm2,TUTASC2019Dev,30NxtPoaLF9G65u2enSi.wav,test,data/processed/test/test_003000_G07.wav
test_003000_G01.wav,1,G01,3000,24003,tta,audioldm1,TUTASC2019Dev,1R3F5nIVhXkMxzaWKve2.wav,test,data/processed/test/test_003000_G01.wav
test_003000_G02.wav,1,G02,3000,24004,tta,audioldm2,TUTASC2019Dev,MD45Hu67LikjGXVZ9PdC.wav,test,data/processed/test/test_003000_G02.wav
test_003000_G03.wav,1,G03,3000,24005,tta,audiogen,TUTASC2019Dev,bJtS6wVU3sPr81Q40yOm.wav,test,data/processed/test/test_003000_G03.wav
test_003000_G05.wav,1,G05,3000,24006,tta,audiolcm,TUTASC2019Dev,TelCDwfaZijXM0tQVEPY.wav,test,data/processed/test/test_003000_G05.wav
test_003000_G06.wav,1,G06,3000,24007,tta,tangoflux,TUTASC2019Dev,6JLtMIChej52KYBq1OWm.wav,test,data/processed/test/test_003000_G06.wav
test_003001_REAL.wav,0,REAL,3001,24008,real,real,TUTASC2019Dev,uYeNvSTkdOily4UpZc5r.wav,test,data/processed/test/test_003001_REAL.wav
test_003001_G04.wav,1,G04,3001,24009,ata,audioldm1,TUTASC2019Dev,dGnsrWY49HZSTpzyV8IN.wav,test,data/processed/test/test_003001_G04.wav
test_003001_G07.wav,1,G07,3001,24010,ata,audioldm2,TUTASC2019Dev,EKQXT9jNynIxtZqBJkpM.wav,test,data/processed/test/test_003001_G07.wav
test_003001_G01.wav,1,G01,3001,24011,tta,audioldm1,TUTASC2019Dev,VWpi5bM1qrY9htnfvG8l.wav,test,data/processed/test/test_003001_G01.wav
test_003001_G02.wav,1,G02,3001,24012,tta,audioldm2,TUTASC2019Dev,DPSxJ725XaUyvwZhMoFV.wav,test,data/processed/test/test_003001_G02.wav
test_003001_G03.wav,1,G03,3001,24013,tta,audiogen,TUTASC2019Dev,6Wabf3lZ4THvsgwuOInp.wav,test,data/processed/test/test_003001_G03.wav
test_003001_G05.wav,1,G05,3001,24014,tta,audiolcm,TUTASC2019Dev,QCY9lfbAO7iueXZ5qhBg.wav,test,data/processed/test/test_003001_G05.wav
test_003001_G06.wav,1,G06,3001,24015,tta,tangoflux,TUTASC2019Dev,SCmkjZx0tKw16gvPJ8By.wav,test,data/processed/test/test_003001_G06.wav
test_003002_REAL.wav,0,REAL,3002,24016,real,real,TUTASC2019Dev,ToeK9yxP15B2L4huXOlr.wav,test,data/processed/test/test_003002_REAL.wav
test_003002_G04.wav,1,G04,3002,24017,ata,audioldm1,TUTASC2019Dev,6uRg4lHshUnyipwBaXCW.wav,test,data/processed/test/test_003002_G04.wav
test_003002_G07.wav,1,G07,3002,24018,ata,audioldm2,TUTASC2019Dev,WV1yYTM9L2msBwprf3Q6.wav,test,data/processed/test/test_003002_G07.wav
test_003002_G01.wav,1,G01,3002,24019,tta,audioldm1,TUTASC2019Dev,h54Wzy3YXbjieDpwgxBH.wav,test,data/processed/test/test_003002_G01.wav
test_003002_G02.wav,1,G02,3002,24020,tta,audioldm2,TUTASC2019Dev,SG6htBIW3EyJwecsYDv0.wav,test,data/processed/test/test_003002_G02.wav
test_003002_G03.wav,1,G03,3002,24021,tta,audiogen,TUTASC2019Dev,rAqn0SUvYLFu5QK12Zfc.wav,test,data/processed/test/test_003002_G03.wav
test_003002_G05.wav,1,G05,3002,24022,tta,audiolcm,TUTASC2019Dev,STCsVGZFiuNrhdXzxOLg.wav,test,data/processed/test/test_003002_G05.wav
test_003002_G06.wav,1,G06,3002,24023,tta,tangoflux,TUTASC2019Dev,L4SIjrfbQDnlUu2wc05p.wav,test,data/processed/test/test_003002_G06.wav
test_004368_REAL.wav,0,REAL,4368,34944,real,real,DCASE2023Task7,hb0U2nWeLESlBGiYPopc.wav,test,data/processed/test/test_004368_REAL.wav
test_004368_G04.wav,1,G04,4368,34945,ata,audioldm1,DCASE2023Task7,cYkHBSj0zKOIQNfTnyhR.wav,test,data/processed/test/test_004368_G04.wav
test_004368_G07.wav,1,G07,4368,34946,ata,audioldm2,DCASE2023Task7,TUhto1pzLQmDN6OyJS8W.wav,test,data/processed/test/test_004368_G07.wav
test_004368_G01.wav,1,G01,4368,34947,tta,audioldm1,DCASE2023Task7,iHRrYgbc0wxW83EF4TpD.wav,test,data/processed/test/test_004368_G01.wav
test_004368_G02.wav,1,G02,4368,34948,tta,audioldm2,DCASE2023Task7,DuwdvUqrCZ2aIsEX0jnP.wav,test,data/processed/test/test_004368_G02.wav
test_004368_G03.wav,1,G03,4368,34949,tta,audiogen,DCASE2023Task7,z0mu34nlMHv2dOLASgCZ.wav,test,data/processed/test/test_004368_G03.wav
test_004368_G05.wav,1,G05,4368,34950,tta,audiolcm,DCASE2023Task7,QuoZ8BSDlPjMx0AghG5v.wav,test,data/processed/test/test_004368_G05.wav
test_004368_G06.wav,1,G06,4368,34951,tta,tangoflux,DCASE2023Task7,RZFqjXIsi3KYyWNzLTGV.wav,test,data/processed/test/test_004368_G06.wav
test_004369_REAL.wav,0,REAL,4369,34952,real,real,DCASE2023Task7,xLmUkv8aeTcugG5yWYdz.wav,test,data/processed/test/test_004369_REAL.wav
test_004369_G04.wav,1,G04,4369,34953,ata,audioldm1,DCASE2023Task7,Kq6Cmv5YSkUnaBWjHDwO.wav,test,data/processed/test/test_004369_G04.wav
test_004369_G07.wav,1,G07,4369,34954,ata,audioldm2,DCASE2023Task7,8emr6xpcdL1yK7AWqavM.wav,test,data/processed/test/test_004369_G07.wav
test_004369_G01.wav,1,G01,4369,34955,tta,audioldm1,DCASE2023Task7,AcI2atxqhPGNW8p1o0ZS.wav,test,data/processed/test/test_004369_G01.wav
test_004369_G02.wav,1,G02,4369,34956,tta,audioldm2,DCASE2023Task7,c9e8A3rbazNC7VmESZhv.wav,test,data/processed/test/test_004369_G02.wav
test_004369_G03.wav,1,G03,4369,34957,tta,audiogen,DCASE2023Task7,S2BhlzOyo6mtWf7U3XKb.wav,test,data/processed/test/test_004369_G03.wav
test_004369_G05.wav,1,G05,4369,34958,tta,audiolcm,DCASE2023Task7,GprozvefJSEI7PbwM52s.wav,test,data/processed/test/test_004369_G05.wav
test_004369_G06.wav,1,G06,4369,34959,tta,tangoflux,DCASE2023Task7,wfK246m09E7ztcVaAu5k.wav,test,data/processed/test/test_004369_G06.wav
test_004370_REAL.wav,0,REAL,4370,34960,real,real,DCASE2023Task7,J2wg9t7oKnQNcU8rqGlL.wav,test,data/processed/test/test_004370_REAL.wav
test_004370_G04.wav,1,G04,4370,34961,ata,audioldm1,DCASE2023Task7,NvtXaAVz1q0dZecUWRfg.wav,test,data/processed/test/test_004370_G04.wav
test_004370_G07.wav,1,G07,4370,34962,ata,audioldm2,DCASE2023Task7,wRMTuFpEG7aq06fCO2WX.wav,test,data/processed/test/test_004370_G07.wav
test_004370_G01.wav,1,G01,4370,34963,tta,audioldm1,DCASE2023Task7,2jlpZRd5chQwbxfoqr8t.wav,test,data/processed/test/test_004370_G01.wav
test_004370_G02.wav,1,G02,4370,34964,tta,audioldm2,DCASE2023Task7,zK96QfBTLDIwmGVcjPZs.wav,test,data/processed/test/test_004370_G02.wav
test_004370_G03.wav,1,G03,4370,34965,tta,audiogen,DCASE2023Task7,Mo4kvsPj9rO3b6hmXQqd.wav,test,data/processed/test/test_004370_G03.wav
test_004370_G05.wav,1,G05,4370,34966,tta,audiolcm,DCASE2023Task7,tUoi67YTasgSVZDj41AX.wav,test,data/processed/test/test_004370_G05.wav
test_004370_G06.wav,1,G06,4370,34967,tta,tangoflux,DCASE2023Task7,XZbIM60OWE5ljqPN9nDa.wav,test,data/processed/test/test_004370_G06.wav
test_004371_REAL.wav,0,REAL,4371,34968,real,real,DCASE2023Task7,bU8zw1PtI3iyuGvkgmRo.wav,test,data/processed/test/test_004371_REAL.wav
test_004371_G04.wav,1,G04,4371,34969,ata,audioldm1,DCASE2023Task7,JCs1WL3IU0iYTONcD6AM.wav,test,data/processed/test/test_004371_G04.wav
test_004371_G07.wav,1,G07,4371,34970,ata,audioldm2,DCASE2023Task7,QEdvp8HiB1CmMuSFbJ3x.wav,test,data/processed/test/test_004371_G07.wav
test_004371_G01.wav,1,G01,4371,34971,tta,audioldm1,DCASE2023Task7,kNMT9W7hHuA5PonsZIJj.wav,test,data/processed/test/test_004371_G01.wav
test_004371_G02.wav,1,G02,4371,34972,tta,audioldm2,DCASE2023Task7,AiBJtSW0hUXTGzfelP5N.wav,test,data/processed/test/test_004371_G02.wav
test_004371_G03.wav,1,G03,4371,34973,tta,audiogen,DCASE2023Task7,WUrIJGnMdlHgNKxoT0iD.wav,test,data/processed/test/test_004371_G03.wav
test_004371_G05.wav,1,G05,4371,34974,tta,audiolcm,DCASE2023Task7,XfpNcY5qMAuwbOBGdLng.wav,test,data/processed/test/test_004371_G05.wav
test_004371_G06.wav,1,G06,4371,34975,tta,tangoflux,DCASE2023Task7,ESoLPGM1OBpFqbUfRTn4.wav,test,data/processed/test/test_004371_G06.wav
test_004372_REAL.wav,0,REAL,4372,34976,real,real,DCASE2023Task7,wg5L6VWyHSEqoNjv3u9F.wav,test,data/processed/test/test_004372_REAL.wav
test_004372_G04.wav,1,G04,4372,34977,ata,audioldm1,DCASE2023Task7,FCdxTt6cLl078wK5RkyB.wav,test,data/processed/test/test_004372_G04.wav
test_004372_G07.wav,1,G07,4372,34978,ata,audioldm2,DCASE2023Task7,TlOKL1mqU9Fp2xzdEbR7.wav,test,data/processed/test/test_004372_G07.wav
test_004372_G01.wav,1,G01,4372,34979,tta,audioldm1,DCASE2023Task7,bAdg3xGk8XiHlh6p9so4.wav,test,data/processed/test/test_004372_G01.wav
test_004372_G02.wav,1,G02,4372,34980,tta,audioldm2,DCASE2023Task7,QABLZ5htabquJlVemg49.wav,test,data/processed/test/test_004372_G02.wav
test_004372_G03.wav,1,G03,4372,34981,tta,audiogen,DCASE2023Task7,smPu4oeqGJ1cWBhgEXw8.wav,test,data/processed/test/test_004372_G03.wav
test_004372_G05.wav,1,G05,4372,34982,tta,audiolcm,DCASE2023Task7,SF4gnh7XAxtRG2Yk3qeN.wav,test,data/processed/test/test_004372_G05.wav
test_004372_G06.wav,1,G06,4372,34983,tta,tangoflux,DCASE2023Task7,J5XKW0v2pOmqZFgCrG1S.wav,test,data/processed/test/test_004372_G06.wav
test_004373_REAL.wav,0,REAL,4373,34984,real,real,DCASE2023Task7,thm86iSkpT2aJIO9Xx0M.wav,test,data/processed/test/test_004373_REAL.wav
test_004373_G04.wav,1,G04,4373,34985,ata,audioldm1,DCASE2023Task7,xVi8OYSkb2LhvC5fJ7XZ.wav,test,data/processed/test/test_004373_G04.wav
test_004373_G07.wav,1,G07,4373,34986,ata,audioldm2,DCASE2023Task7,9ZGD4pj56FVHy7XurTth.wav,test,data/processed/test/test_004373_G07.wav
test_004373_G01.wav,1,G01,4373,34987,tta,audioldm1,DCASE2023Task7,JBZNTAMbSYl6vrdDhGk5.wav,test,data/processed/test/test_004373_G01.wav
test_004373_G02.wav,1,G02,4373,34988,tta,audioldm2,DCASE2023Task7,ohwM02fdTmKg5qJ7uYBA.wav,test,data/processed/test/test_004373_G02.wav
test_004373_G03.wav,1,G03,4373,34989,tta,audiogen,DCASE2023Task7,dqp6uOMjoaeHzAt79ZU1.wav,test,data/processed/test/test_004373_G03.wav
test_004373_G05.wav,1,G05,4373,34990,tta,audiolcm,DCASE2023Task7,XCSRzGpusc3e2biqdQNg.wav,test,data/processed/test/test_004373_G05.wav
test_004373_G06.wav,1,G06,4373,34991,tta,tangoflux,DCASE2023Task7,LCzUIguZVWwdspE5lmQM.wav,test,data/processed/test/test_004373_G06.wav
test_004677_REAL.wav,0,REAL,4677,37416,real,real,Clotho,T9bySDa8iuh0pPwdUzF2.wav,test,data/processed/test/test_004677_REAL.wav
test_004677_G04.wav,1,G04,4677,37417,ata,audioldm1,Clotho,y7qUH1WcJDlgGn3T5MV2.wav,test,data/processed/test/test_004677_G04.wav
test_004677_G07.wav,1,G07,4677,37418,ata,audioldm2,Clotho,qCHE7U4X0MBh5xdDLjbn.wav,test,data/processed/test/test_004677_G07.wav
test_004677_G01.wav,1,G01,4677,37419,tta,audioldm1,Clotho,3S6kLdXMtlWiy7c1mYsE.wav,test,data/processed/test/test_004677_G01.wav
test_004677_G02.wav,1,G02,4677,37420,tta,audioldm2,Clotho,BkAqswoNf6xRD1cEZily.wav,test,data/processed/test/test_004677_G02.wav
test_004677_G03.wav,1,G03,4677,37421,tta,audiogen,Clotho,BUkJh9vbpMZNGWSn3D06.wav,test,data/processed/test/test_004677_G03.wav
test_004677_G05.wav,1,G05,4677,37422,tta,audiolcm,Clotho,WhCRrq7BtapZyml09nDi.wav,test,data/processed/test/test_004677_G05.wav
test_004677_G06.wav,1,G06,4677,37423,tta,tangoflux,Clotho,8jo7wgpY6U9AO4mHyn1M.wav,test,data/processed/test/test_004677_G06.wav
test_004678_REAL.wav,0,REAL,4678,37424,real,real,Clotho,WHcKuxjVh9OmNsUCGqtX.wav,test,data/processed/test/test_004678_REAL.wav
test_004678_G04.wav,1,G04,4678,37425,ata,audioldm1,Clotho,hdUIWi5L0EblswOtCv9R.wav,test,data/processed/test/test_004678_G04.wav
test_004678_G07.wav,1,G07,4678,37426,ata,audioldm2,Clotho,UXFkPCrw9faGB20HMjLV.wav,test,data/processed/test/test_004678_G07.wav
test_004678_G01.wav,1,G01,4678,37427,tta,audioldm1,Clotho,BVwDPxEj3MhWU2JpCAYd.wav,test,data/processed/test/test_004678_G01.wav
test_004678_G02.wav,1,G02,4678,37428,tta,audioldm2,Clotho,hLt0qbjUOWlBQAuZV3kN.wav,test,data/processed/test/test_004678_G02.wav
test_004678_G03.wav,1,G03,4678,37429,tta,audiogen,Clotho,VIktbG846A0edfrxyKlW.wav,test,data/processed/test/test_004678_G03.wav
test_004678_G05.wav,1,G05,4678,37430,tta,audiolcm,Clotho,qhpSMImZ6JQeBDXWKkHj.wav,test,data/processed/test/test_004678_G05.wav
test_004678_G06.wav,1,G06,4678,37431,tta,tangoflux,Clotho,6uoMRvzYDUV3l52BngyW.wav,test,data/processed/test/test_004678_G06.wav
test_004679_REAL.wav,0,REAL,4679,37432,real,real,Clotho,wEXmHS5pCgZby4hMG2DA.wav,test,data/processed/test/test_004679_REAL.wav
test_004679_G04.wav,1,G04,4679,37433,ata,audioldm1,Clotho,2dfuLOEAiVkbxNea3SnM.wav,test,data/processed/test/test_004679_G04.wav
test_004679_G07.wav,1,G07,4679,37434,ata,audioldm2,Clotho,Lb2rw3DuJHzKScklvgNE.wav,test,data/processed/test/test_004679_G07.wav
test_004679_G01.wav,1,G01,4679,37435,tta,audioldm1,Clotho,R2SV8Js4GmWKrdh1c7aD.wav,test,data/processed/test/test_004679_G01.wav
test_004679_G02.wav,1,G02,4679,37436,tta,audioldm2,Clotho,eb7MwFcC3squNoRk4jKB.wav,test,data/processed/test/test_004679_G02.wav
test_004679_G03.wav,1,G03,4679,37437,tta,audiogen,Clotho,9FriKnbzx2WXv5HMyNSL.wav,test,data/processed/test/test_004679_G03.wav
test_004679_G05.wav,1,G05,4679,37438,tta,audiolcm,Clotho,gk2C68Dh0ibUFNqtT4rm.wav,test,data/processed/test/test_004679_G05.wav
test_004679_G06.wav,1,G06,4679,37439,tta,tangoflux,Clotho,LNwOKaZ8zIbvRumXMBAY.wav,test,data/processed/test/test_004679_G06.wav
test_004680_REAL.wav,0,REAL,4680,37440,real,real,Clotho,xFoIcUdz3H1QjlLX2hV6.wav,test,data/processed/test/test_004680_REAL.wav
test_004680_G04.wav,1,G04,4680,37441,ata,audioldm1,Clotho,mEgCe0wrqLNasFczi4Uk.wav,test,data/processed/test/test_004680_G04.wav
test_004680_G07.wav,1,G07,4680,37442,ata,audioldm2,Clotho,ixbqywcPNBRTZ5M9EhVC.wav,test,data/processed/test/test_004680_G07.wav
test_004680_G01.wav,1,G01,4680,37443,tta,audioldm1,Clotho,i5LtCOAkNF7VMuqojgP1.wav,test,data/processed/test/test_004680_G01.wav
test_004680_G02.wav,1,G02,4680,37444,tta,audioldm2,Clotho,87O0nXTMd6wsyCSaKicB.wav,test,data/processed/test/test_004680_G02.wav
test_004680_G03.wav,1,G03,4680,37445,tta,audiogen,Clotho,k7cWsXKNwu19F8jT6QHp.wav,test,data/processed/test/test_004680_G03.wav
test_004680_G05.wav,1,G05,4680,37446,tta,audiolcm,Clotho,tbDn518eyLs6GafEuOVc.wav,test,data/processed/test/test_004680_G05.wav
test_004680_G06.wav,1,G06,4680,37447,tta,tangoflux,Clotho,pNBC84kMuxs7hD2RHAmF.wav,test,data/processed/test/test_004680_G06.wav
test_004681_REAL.wav,0,REAL,4681,37448,real,real,Clotho,QlVumUazr13ZnoBIhDgH.wav,test,data/processed/test/test_004681_REAL.wav
test_004681_G04.wav,1,G04,4681,37449,ata,audioldm1,Clotho,qPLRwn2iZjolWM1kQCED.wav,test,data/processed/test/test_004681_G04.wav
test_004681_G07.wav,1,G07,4681,37450,ata,audioldm2,Clotho,QG2ZMlXCskiYRB8brjLO.wav,test,data/processed/test/test_004681_G07.wav
test_004681_G01.wav,1,G01,4681,37451,tta,audioldm1,Clotho,aA9R2p8WhSGyqQePscXd.wav,test,data/processed/test/test_004681_G01.wav
test_004681_G02.wav,1,G02,4681,37452,tta,audioldm2,Clotho,7YFBEuIZCxbihdPDAL3k.wav,test,data/processed/test/test_004681_G02.wav
test_004681_G03.wav,1,G03,4681,37453,tta,audiogen,Clotho,UikNPACg8efapcEq624V.wav,test,data/processed/test/test_004681_G03.wav
test_004681_G05.wav,1,G05,4681,37454,tta,audiolcm,Clotho,iFbvXp8djWUSsRGJOV4T.wav,test,data/processed/test/test_004681_G05.wav
test_004681_G06.wav,1,G06,4681,37455,tta,tangoflux,Clotho,W0jOBd1vRNoefrAKg7S5.wav,test,data/processed/test/test_004681_G06.wav
test_004682_REAL.wav,0,REAL,4682,37456,real,real,Clotho,rEDB129OAJkUcKyln7Ru.wav,test,data/processed/test/test_004682_REAL.wav
test_004682_G04.wav,1,G04,4682,37457,ata,audioldm1,Clotho,kyebBY8FKZahsXHwUiIp.wav,test,data/processed/test/test_004682_G04.wav
test_004682_G07.wav,1,G07,4682,37458,ata,audioldm2,Clotho,UGg9c3ryRD0SKO5iuzfX.wav,test,data/processed/test/test_004682_G07.wav
test_004682_G01.wav,1,G01,4682,37459,tta,audioldm1,Clotho,SgeIinLzxKhsEprVauNA.wav,test,data/processed/test/test_004682_G01.wav
test_004682_G02.wav,1,G02,4682,37460,tta,audioldm2,Clotho,WIvbKQC2yPlp5ida9jOg.wav,test,data/processed/test/test_004682_G02.wav
test_004682_G03.wav,1,G03,4682,37461,tta,audiogen,Clotho,kj018oPMtZxamDEyeIW9.wav,test,data/processed/test/test_004682_G03.wav
test_004682_G05.wav,1,G05,4682,37462,tta,audiolcm,Clotho,VxnRiaSsJfP5H7hkUBMN.wav,test,data/processed/test/test_004682_G05.wav
test_004682_G06.wav,1,G06,4682,37463,tta,tangoflux,Clotho,03aWK6DnxARuQebMgEId.wav,test,data/processed/test/test_004682_G06.wav
test_004798_REAL.wav,0,REAL,4798,38384,real,real,Clotho,jAwNxoaWPciK0RybgnDp.wav,test,data/processed/test/test_004798_REAL.wav
test_004798_G04.wav,1,G04,4798,38385,ata,audioldm1,Clotho,15kMrtZB6ouji39czPdm.wav,test,data/processed/test/test_004798_G04.wav
test_004798_G07.wav,1,G07,4798,38386,ata,audioldm2,Clotho,UqWcaoRKSBlXV6hmpZ8e.wav,test,data/processed/test/test_004798_G07.wav
test_004798_G01.wav,1,G01,4798,38387,tta,audioldm1,Clotho,ZDvpFSfl2Rj5meqIwta8.wav,test,data/processed/test/test_004798_G01.wav
test_004798_G02.wav,1,G02,4798,38388,tta,audioldm2,Clotho,ea26DMRGiwEY7NpFduXv.wav,test,data/processed/test/test_004798_G02.wav
test_004798_G03.wav,1,G03,4798,38389,tta,audiogen,Clotho,FPULdNJAQSX325oO8htT.wav,test,data/processed/test/test_004798_G03.wav
test_004798_G05.wav,1,G05,4798,38390,tta,audiolcm,Clotho,R2Vkm5ZvX6gliLnUISPs.wav,test,data/processed/test/test_004798_G05.wav
test_004798_G06.wav,1,G06,4798,38391,tta,tangoflux,Clotho,cpqvhGjRNIb3iCXan0Fd.wav,test,data/processed/test/test_004798_G06.wav
test_004799_REAL.wav,0,REAL,4799,38392,real,real,Clotho,fCP7J0hTKBgLZiva1M6y.wav,test,data/processed/test/test_004799_REAL.wav
test_004799_G04.wav,1,G04,4799,38393,ata,audioldm1,Clotho,lG4YtRdFE6pAumviwx5W.wav,test,data/processed/test/test_004799_G04.wav
test_004799_G07.wav,1,G07,4799,38394,ata,audioldm2,Clotho,EY7Pls3SfdutwcvAJzxa.wav,test,data/processed/test/test_004799_G07.wav
test_004799_G01.wav,1,G01,4799,38395,tta,audioldm1,Clotho,vdmb0re93LX4VMNTCscl.wav,test,data/processed/test/test_004799_G01.wav
test_004799_G02.wav,1,G02,4799,38396,tta,audioldm2,Clotho,Q6MWhFAbSso2jYErTmO1.wav,test,data/processed/test/test_004799_G02.wav
test_004799_G03.wav,1,G03,4799,38397,tta,audiogen,Clotho,F0YLD4BaeGnQ1578Wgkf.wav,test,data/processed/test/test_004799_G03.wav
test_004799_G05.wav,1,G05,4799,38398,tta,audiolcm,Clotho,7j8MxPCuNS6kDXegAtBY.wav,test,data/processed/test/test_004799_G05.wav
test_004799_G06.wav,1,G06,4799,38399,tta,tangoflux,Clotho,h8TU2lEjZ5A6WPDgJk1S.wav,test,data/processed/test/test_004799_G06.wav
test_004800_REAL.wav,0,REAL,4800,38400,real,real,Clotho,WGJFbZ1S4Ov7cpN9IXzd.wav,test,data/processed/test/test_004800_REAL.wav
test_004800_G04.wav,1,G04,4800,38401,ata,audioldm1,Clotho,7UYzVxt8diChvrWkBlHR.wav,test,data/processed/test/test_004800_G04.wav
test_004800_G07.wav,1,G07,4800,38402,ata,audioldm2,Clotho,uNhDFVPze893oBGsTxnL.wav,test,data/processed/test/test_004800_G07.wav
test_004800_G01.wav,1,G01,4800,38403,tta,audioldm1,Clotho,cfop92w7OrBqlCSWZzDa.wav,test,data/processed/test/test_004800_G01.wav
test_004800_G02.wav,1,G02,4800,38404,tta,audioldm2,Clotho,gjUVsH7NYvh60mSFEkpR.wav,test,data/processed/test/test_004800_G02.wav
test_004800_G03.wav,1,G03,4800,38405,tta,audiogen,Clotho,knemtbEIpHuY4rPwGJlB.wav,test,data/processed/test/test_004800_G03.wav
test_004800_G05.wav,1,G05,4800,38406,tta,audiolcm,Clotho,0LmGrTbZBsW3euHQz154.wav,test,data/processed/test/test_004800_G05.wav
test_004800_G06.wav,1,G06,4800,38407,tta,tangoflux,Clotho,Qyv5cdirl0kPnupRqVeN.wav,test,data/processed/test/test_004800_G06.wav
test_004801_REAL.wav,0,REAL,4801,38408,real,real,Clotho,6sH5LBWOARKb0SDTfqEy.wav,test,data/processed/test/test_004801_REAL.wav
test_004801_G04.wav,1,G04,4801,38409,ata,audioldm1,Clotho,EKTYOXMaCcpkL2l8Pqto.wav,test,data/processed/test/test_004801_G04.wav
test_004801_G07.wav,1,G07,4801,38410,ata,audioldm2,Clotho,Oq4xWt9AIcmPLj7hZngw.wav,test,data/processed/test/test_004801_G07.wav
test_004801_G01.wav,1,G01,4801,38411,tta,audioldm1,Clotho,1rXNAZyfVW3gT4mk2lFv.wav,test,data/processed/test/test_004801_G01.wav
test_004801_G02.wav,1,G02,4801,38412,tta,audioldm2,Clotho,CesAF57p9bHUG3XzWufL.wav,test,data/processed/test/test_004801_G02.wav
test_004801_G03.wav,1,G03,4801,38413,tta,audiogen,Clotho,v60PMbrmHRdfwCcYetNI.wav,test,data/processed/test/test_004801_G03.wav
test_004801_G05.wav,1,G05,4801,38414,tta,audiolcm,Clotho,gP2eNdbDGl1tscFjZ8VQ.wav,test,data/processed/test/test_004801_G05.wav
test_004801_G06.wav,1,G06,4801,38415,tta,tangoflux,Clotho,jCrc46BKnNZ0ohmy7eG3.wav,test,data/processed/test/test_004801_G06.wav
test_004802_REAL.wav,0,REAL,4802,38416,real,real,Clotho,2Uh4pg1Bm5bXufiYJDtk.wav,test,data/processed/test/test_004802_REAL.wav
test_004802_G04.wav,1,G04,4802,38417,ata,audioldm1,Clotho,hQMOXGpilAoCIHLKJk8x.wav,test,data/processed/test/test_004802_G04.wav
test_004802_G07.wav,1,G07,4802,38418,ata,audioldm2,Clotho,qugmQW69Y81rIBsK2pvJ.wav,test,data/processed/test/test_004802_G07.wav
test_004802_G01.wav,1,G01,4802,38419,tta,audioldm1,Clotho,5ZDSI3bMOTLmnXf9w4lH.wav,test,data/processed/test/test_004802_G01.wav
test_004802_G02.wav,1,G02,4802,38420,tta,audioldm2,Clotho,84GN9v0giqjcBVQSWDr2.wav,test,data/processed/test/test_004802_G02.wav
test_004802_G03.wav,1,G03,4802,38421,tta,audiogen,Clotho,VDTmlsHp4Xuyn2x5aPO6.wav,test,data/processed/test/test_004802_G03.wav
test_004802_G05.wav,1,G05,4802,38422,tta,audiolcm,Clotho,udXQAFw8qTJshZrjkIEG.wav,test,data/processed/test/test_004802_G05.wav
test_004802_G06.wav,1,G06,4802,38423,tta,tangoflux,Clotho,IuSQNWhPqXAwVKTFg672.wav,test,data/processed/test/test_004802_G06.wav
test_004803_REAL.wav,0,REAL,4803,38424,real,real,Clotho,w3V4KvHdp1DltYSFJrix.wav,test,data/processed/test/test_004803_REAL.wav
test_004803_G04.wav,1,G04,4803,38425,ata,audioldm1,Clotho,9YDsQmun7xT12RawvcAz.wav,test,data/processed/test/test_004803_G04.wav
test_004803_G07.wav,1,G07,4803,38426,ata,audioldm2,Clotho,AiaMJ8fzoHY7el4bU06u.wav,test,data/processed/test/test_004803_G07.wav
test_004803_G01.wav,1,G01,4803,38427,tta,audioldm1,Clotho,aCfY5jSV2u7yJn3AZLdb.wav,test,data/processed/test/test_004803_G01.wav
test_004803_G02.wav,1,G02,4803,38428,tta,audioldm2,Clotho,zwAHWD7aJTC53Isduhjg.wav,test,data/processed/test/test_004803_G02.wav
test_004803_G03.wav,1,G03,4803,38429,tta,audiogen,Clotho,PCv1ocextLq8HuETBymW.wav,test,data/processed/test/test_004803_G03.wav
test_004803_G05.wav,1,G05,4803,38430,tta,audiolcm,Clotho,r31HkBYTCXqOLwcUdupP.wav,test,data/processed/test/test_004803_G05.wav
test_004803_G06.wav,1,G06,4803,38431,tta,tangoflux,Clotho,xCOYRsDpLE0FizXWTglJ.wav,test,data/processed/test/test_004803_G06.wav
